"","unodes","Division","Divisionc","Building","Buildingc","Dept","Deptc","Status","Statusc","Fulltime","Supervisor","Gender","Genderc","Race","Racec","Ageyrs","Tenureyrs","Education","Institution","GradYr","EIperc","EIfac","EIund","EImgt","EItotal","ito","jobsat","occ","oca","oc","wkinclu","flextimeh","pos","procjust","pied","satreward","satpay","satbenefit","satall","distjust","satsuper","satsocreward","sreffort","jobsearch","trustsuper","trustcowker","interperjust","srocbi","srocbo","srocb","wkfamconflict","wkfamconflictMC","famwkconflict","wkfamwkconflict","panaspos","panasneg","panascomb","agreeabl","conscient","ocbi","ocbo","ocb","efforts","absenses","knowledgeproc","knowledgejob","knowledge","performance","overallperformance","F70","F71","F72","F73","F74","F75","F76","F77","F78","F79","F80","F81","F82","F83","F84","F85","F86","F87","F88","F89","F90","F91","F92","F93","F94","F95","F96","F97","F98","F99","F100","F101","F102","F103","F104","F105","F106","F107","F108"
"1",9,"LEXINGTON",2,"CREATIVEDR",8,"""Diag Direct Labor """,12,"ACTIVE",1,1,0,"MALE",1,"Black",2,45,5.91666666666667,2,"""na""",NA,78.5142963871272,100.681683339953,59.4856214575971,111.207948167209,85.1191992563554,3.33,3.67,2.625,2.8,2.7125,3.57142857142857,4,2.83333333333333,3,3,2,2.4,3.5,2.63333333333333,3,3.75,4,4,2.125,3.4,3.8,4,4,3.75,3.875,2.75,-0.073,4.2,3.475,3.75,2.25,3,4.2,3.8,NA,NA,NA,NA,NA,NA,NA,NA,NA,NA,NA,NA,NA,NA,NA,NA,NA,NA,NA,NA,NA,NA,NA,NA,NA,NA,NA,NA,NA,NA,NA,NA,NA,NA,NA,NA,NA,NA,NA,NA,NA,NA,NA,NA,NA,NA,NA,NA,NA
"2",10,"LEXINGTON",2,"CREATIVEDR",8,"""Indirect Labor Vet""",42,"ACTIVE",1,1,0,"FEMALE",0,"White",1,20,0.666666666666667,3,"""Bluegrass Community and Technical College""",2008,108.984930601747,88.6164914823819,105.507477117064,110.249572761372,104.856408980967,5,1.67,1.125,1.2,1.1625,1.42857142857143,1,1,1.25,2,1,2.2,1,1.4,1,1,2.33,5,5,1,3,1,4.75,2.5,3.625,5,2.177,2.2,3.6,1.83333333333333,3.83333333333333,2.83333333333333,4.2,4.4,1,1.5,1.25,2,5,1,4,2.5,2,1.57,NA,NA,NA,NA,NA,NA,NA,NA,NA,NA,NA,NA,NA,NA,NA,NA,NA,NA,NA,NA,NA,NA,NA,NA,NA,NA,NA,NA,NA,NA,NA,NA,NA,NA,NA,NA,NA,NA,NA
"3",16,"LEXINGTON",2,"NANDINO",7,"""R&D""",28,"ACTIVE",1,1,0,"FEMALE",0,"White",1,26,2.16666666666667,5,"""University of Kentucky""",2003,111.248463429119,73.5350016604184,114.663657824183,110.249572761372,101.41468913575,3,4,2.125,2.6,2.3625,3.85714285714286,1,3.33333333333333,3.25,2.33333333333333,2,2.4,2.5,2.3,3,3.5,4,4,1.375,3.6,4,3.8,3.25,2.75,3,2,-0.823,2,2,3.5,1.83333333333333,2.66666666666667,4.8,4.5,3.5,3,3.25,4,1,4,5,4.5,5,4.57,NA,NA,NA,NA,NA,NA,NA,NA,NA,NA,NA,NA,NA,NA,NA,NA,NA,NA,NA,NA,NA,NA,NA,NA,NA,NA,NA,NA,NA,NA,NA,NA,NA,NA,NA,NA,NA,NA,NA
"4",20,"LEXINGTON",2,"NANDINO",7,"""Diag Indirect Labor """,40,"ACTIVE",1,1,1,"FEMALE",0,"White",1,37,9.91666666666667,5,"""Eastern Kentucky University""",1992,95.2296157277185,110.786281520668,105.507477117064,111.207948167209,109.983869158535,3,5,3.125,2.9,3.0125,4.28571428571429,2,2.66666666666667,3.5,2.66666666666667,1,1.6,4.5,2.36666666666667,1,3.5,4.33,5,1.25,3.8,3.4,3.8,5,3.5,4.25,1.75,-1.073,1,1.375,4,3.25,3.625,3.4,4.5,4,3.75,3.88,5,2,4,5,4.5,5,4.43,NA,NA,NA,NA,NA,NA,NA,NA,NA,NA,NA,NA,NA,NA,NA,NA,NA,NA,NA,NA,NA,NA,NA,NA,NA,NA,NA,NA,NA,NA,NA,NA,NA,NA,NA,NA,NA,NA,NA
"5",21,"LEXINGTON",2,"NANDINO",7,"""AS Dist Indirect""",39,"ACTIVE",1,1,0,"MALE",1,"White",1,31,10.0833333333333,2,"""na""",NA,61.2766233171423,86.2034531108678,79.2436956150646,110.249572761372,76.8309759556289,4.33,4.67,3.5,2.6,3.05,3.57142857142857,1,2.83333333333333,2.5,2.66666666666667,1,1.2,1.5,1.23333333333333,1,3,4.33,5,2.875,2.6,3.2,2.8,4.75,4.5,4.625,4.75,1.927,2.8,3.775,4.16666666666667,2.91666666666667,3.54166666666667,4.1,3.7,2,2.5,2.25,1,1,5,5,5,1,2.43,NA,NA,NA,NA,NA,NA,NA,NA,NA,NA,NA,NA,NA,NA,NA,NA,NA,NA,NA,NA,NA,NA,NA,NA,NA,NA,NA,NA,NA,NA,NA,NA,NA,NA,NA,NA,NA,NA,NA
"6",23,NA,NA,NA,NA,NA,NA,NA,NA,NA,NA,NA,NA,NA,NA,NA,NA,NA,NA,NA,NA,NA,NA,NA,NA,NA,NA,NA,NA,NA,NA,NA,NA,NA,NA,NA,NA,NA,NA,NA,NA,NA,NA,NA,NA,NA,NA,NA,NA,NA,NA,NA,NA,NA,NA,NA,NA,NA,NA,NA,NA,NA,NA,NA,NA,NA,NA,NA,NA,NA,NA,NA,NA,NA,NA,NA,NA,NA,NA,NA,NA,NA,NA,NA,NA,NA,NA,NA,NA,NA,NA,NA,NA,NA,NA,NA,NA,NA,NA,NA,NA,NA,NA,NA,NA,NA,NA,NA
"7",24,"LEXINGTON",2,"NANDINO",7,"""Sales & Marketing """,29,"ACTIVE",1,1,0,"MALE",1,"White",1,30,1.33333333333333,5,"""University of Kentucky""",2000,97.4931485550903,89.9738255663586,98.519865524789,79.3898846934214,87.5073313938528,3,4,2,2.9,2.45,3,5,3.66666666666667,2.25,3.33333333333333,3,3,3,3,2,5,5,4,1.125,4,3.4,4,3.75,3.25,3.5,1,-1.823,1,1,3.5,1.83333333333333,2.66666666666667,3.5,3.6,3.75,4,3.88,4,2,4,4,4,4,3.86,NA,NA,NA,NA,NA,NA,NA,NA,NA,NA,NA,NA,NA,NA,NA,NA,NA,NA,NA,NA,NA,NA,NA,NA,NA,NA,NA,NA,NA,NA,NA,NA,NA,NA,NA,NA,NA,NA,NA
"8",30,"LEXINGTON",2,"NANDINO",7,"""Diag Direct Labor """,12,"ACTIVE",1,1,0,"FEMALE",0,"White",1,51,10.3333333333333,2,"""na""",NA,108.984930601747,111.389541113547,114.663657824183,111.207948167209,118.482810000805,2.67,4,3.875,4.1,3.9875,3.85714285714286,3,3.33333333333333,3.5,3.33333333333333,3,3.4,4.5,3.63333333333333,3.5,4,3.67,4.25,1.125,4,4,3.8,3.5,3.25,3.375,1,-1.823,1,1,2.75,3.25,3,5,4.5,4.25,3.75,4,5,1,4,5,4.5,4,4.29,NA,NA,NA,NA,NA,NA,NA,NA,NA,NA,NA,NA,NA,NA,NA,NA,NA,NA,NA,NA,NA,NA,NA,NA,NA,NA,NA,NA,NA,NA,NA,NA,NA,NA,NA,NA,NA,NA,NA
"9",33,NA,NA,NA,NA,NA,NA,NA,NA,NA,NA,NA,NA,NA,NA,NA,NA,NA,NA,NA,NA,NA,NA,NA,NA,NA,NA,NA,NA,NA,NA,NA,NA,NA,NA,NA,NA,NA,NA,NA,NA,NA,NA,NA,NA,NA,NA,NA,NA,NA,NA,NA,NA,NA,NA,NA,NA,NA,NA,NA,NA,NA,NA,NA,NA,NA,NA,NA,NA,NA,NA,NA,NA,NA,NA,NA,NA,NA,NA,NA,NA,NA,NA,NA,NA,NA,NA,NA,NA,NA,NA,NA,NA,NA,NA,NA,NA,NA,NA,NA,NA,NA,NA,NA,NA,NA,NA,NA
"10",37,"LEXINGTON",2,"NANDINO",7,"""Diag Direct Labor """,12,"ACTIVE",1,1,0,"FEMALE",0,"White",1,28,2.58333333333333,5,"""University of Kentucky""",2003,111.248463429119,100.078423747074,114.663657824183,98.3657177289938,109.421955714418,4.33,2.67,3,2,2.5,4.85714285714286,2,3.16666666666667,3.25,3.33333333333333,1,1.8,4,2.26666666666667,1,5,5,5,2.625,4.8,4,4.8,4.75,5,4.875,1,-1.823,1,1,3.83333333333333,2.5,3.16666666666667,4.88888888888889,4.5,2.5,3,2.75,4,2,5,5,5,4,3.86,NA,NA,NA,NA,NA,NA,NA,NA,NA,NA,NA,NA,NA,NA,NA,NA,NA,NA,NA,NA,NA,NA,NA,NA,NA,NA,NA,NA,NA,NA,NA,NA,NA,NA,NA,NA,NA,NA,NA
"11",40,"LEXINGTON",2,"NANDINO",7,"""Sales Ethical""",44,"ACTIVE",1,1,1,"MALE",1,"White",1,40,13.8333333333333,6,"""University of Kentucky""",1993,94.0107903591337,124.661252156875,96.351296409945,111.207948167209,113.285110642722,2.33,5,3.625,4.3,3.9625,5,4,4.66666666666667,4,4.33333333333333,4,3.6,5,4.2,4,5,5,5,1,5,4.8,4.8,4.25,5,4.625,3,0.177,2.4,2.7,3.41666666666667,1.91666666666667,2.66666666666667,4.5,4.6,4,4.75,4.38,5,1,5,5,5,4,4.29,NA,NA,NA,NA,NA,NA,NA,NA,NA,NA,NA,NA,NA,NA,NA,NA,NA,NA,NA,NA,NA,NA,NA,NA,NA,NA,NA,NA,NA,NA,NA,NA,NA,NA,NA,NA,NA,NA,NA
"12",41,"LEXINGTON",2,"NANDINO",7,"""Sales Ethical""",44,"ACTIVE",1,1,0,"FEMALE",0,"White",1,25,2.16666666666667,5,"""University of Kentucky""",2005,92.4437291709533,76.0988549301522,85.2674987118535,99.3240931348307,82.4501103967994,4.67,3,2,2.8,2.4,3.28571428571429,5,2.5,2.5,2,2,1.6,4,2.53333333333333,1.5,2.5,4.67,4.75,3,2.8,3.4,3.6,4.25,3.25,3.75,4.25,1.427,2.2,3.225,1.91666666666667,3.16666666666667,2.54166666666667,3.8,4.5,4.25,4,4.13,5,1,4,4,4,4,4,NA,NA,NA,NA,NA,NA,NA,NA,NA,NA,NA,NA,NA,NA,NA,NA,NA,NA,NA,NA,NA,NA,NA,NA,NA,NA,NA,NA,NA,NA,NA,NA,NA,NA,NA,NA,NA,NA,NA
"13",43,NA,NA,NA,NA,NA,NA,NA,NA,NA,NA,NA,NA,NA,NA,NA,NA,NA,NA,NA,NA,NA,NA,NA,NA,NA,NA,NA,NA,NA,NA,NA,NA,NA,NA,NA,NA,NA,NA,NA,NA,NA,NA,NA,NA,NA,NA,NA,NA,NA,NA,NA,NA,NA,NA,NA,NA,NA,NA,NA,NA,NA,NA,NA,NA,NA,NA,NA,NA,NA,NA,NA,NA,NA,NA,NA,NA,NA,NA,NA,NA,NA,NA,NA,NA,NA,NA,NA,NA,NA,NA,NA,NA,NA,NA,NA,NA,NA,NA,NA,NA,NA,NA,NA,NA,NA,NA,NA
"14",49,NA,NA,NA,NA,NA,NA,NA,NA,NA,NA,NA,NA,NA,NA,NA,NA,NA,NA,NA,NA,NA,NA,NA,NA,NA,NA,NA,NA,NA,NA,NA,NA,NA,NA,NA,NA,NA,NA,NA,NA,NA,NA,NA,NA,NA,NA,NA,NA,NA,NA,NA,NA,NA,NA,NA,NA,NA,NA,NA,NA,NA,NA,NA,NA,NA,NA,NA,NA,NA,NA,NA,NA,NA,NA,NA,NA,NA,NA,NA,NA,NA,NA,NA,NA,NA,NA,NA,NA,NA,NA,NA,NA,NA,NA,NA,NA,NA,NA,NA,NA,NA,NA,NA,NA,NA,NA,NA
"15",50,"LEXINGTON",2,"NANDINO",7,"""Sales & Marketing """,29,"ACTIVE",1,1,0,"FEMALE",0,"White",1,27,1.58333333333333,5,"""Georgetown College""",2003,80.9519471242968,89.3705659734801,105.507477117064,98.3657177289938,89.5442676287771,2.67,4,3.75,3.6,3.675,4,4,3.5,2.5,3.66666666666667,4,2.6,4,3.53333333333333,2,3.5,4,4.5,1.5,3,3.8,3.4,3.75,4,3.875,3.25,0.427,2.2,2.725,3.33333333333333,2.75,3.04166666666667,4.6,4.6,4,4,4,5,1,4,5,4.5,4,4.29,NA,NA,NA,NA,NA,NA,NA,NA,NA,NA,NA,NA,NA,NA,NA,NA,NA,NA,NA,NA,NA,NA,NA,NA,NA,NA,NA,NA,NA,NA,NA,NA,NA,NA,NA,NA,NA,NA,NA
"16",52,"LEXINGTON",2,"NANDINO",7,"""Sales Ideal OTC""",46,"ACTIVE",1,1,1,"FEMALE",0,"White",1,28,6,5,"""University of Kentucky""",2001,120.650830558201,124.661252156875,114.663657824183,110.249572761372,129.018687078,3.33,4,2.5,2,2.25,3.14285714285714,4,2.16666666666667,2,1.66666666666667,2,3,2,2.33333333333333,1.5,4,4,4,1.25,3.4,3.6,3.6,4.25,4,4.125,4,1.177,2,3,2.91666666666667,3,2.95833333333333,3.4,3.8,3.5,3.5,3.5,4,1,4,5,4.5,4,4,NA,NA,NA,NA,NA,NA,NA,NA,NA,NA,NA,NA,NA,NA,NA,NA,NA,NA,NA,NA,NA,NA,NA,NA,NA,NA,NA,NA,NA,NA,NA,NA,NA,NA,NA,NA,NA,NA,NA
"17",56,"LEXINGTON",2,"NANDINO",7,"""Accounting""",1,"ACTIVE",1,1,0,"MALE",1,"White",1,26,1.16666666666667,5,"""University of Kentucky""",2006,99.756681382462,91.1803447521157,78.2798871195784,110.249572761372,94.3907710842867,3.67,4,2.875,2.7,2.7875,3.42857142857143,3,3.33333333333333,3.25,3.66666666666667,4,2.6,4,3.53333333333333,2,4.75,4.33,4.25,1.625,4.6,3.6,4.8,4,4.25,4.125,4,1.177,2.2,3.1,2.91666666666667,2.91666666666667,2.91666666666667,3.6,3.6,4,3.75,3.88,4,2,4,4,4,4,4.71,NA,NA,NA,NA,NA,NA,NA,NA,NA,NA,NA,NA,NA,NA,NA,NA,NA,NA,NA,NA,NA,NA,NA,NA,NA,NA,NA,NA,NA,NA,NA,NA,NA,NA,NA,NA,NA,NA,NA
"18",59,"LEXINGTON",2,"NANDINO",7,"""R&D""",28,"ACTIVE",1,1,0,"MALE",1,"White",1,31,4.25,5,"""Transylvania University""",2000,108.984930601747,91.1803447521157,76.1113180047344,107.949471787364,96.6384248607549,2.67,4,3,2.4,2.7,3.85714285714286,5,2.83333333333333,3.25,2.66666666666667,4,2.4,4,3.46666666666667,3,4.75,4,4,2.5,5,4,5,3.5,4,3.75,2,-0.823,2.6,2.3,3.5,2.5,3,2.7,3.2,4,3,3.5,4,1,4,5,4.5,4,3.86,NA,NA,NA,NA,NA,NA,NA,NA,NA,NA,NA,NA,NA,NA,NA,NA,NA,NA,NA,NA,NA,NA,NA,NA,NA,NA,NA,NA,NA,NA,NA,NA,NA,NA,NA,NA,NA,NA,NA
"19",60,"LEXINGTON",2,"NANDINO",7,"""Sales Ideal OTC""",46,"ACTIVE",1,1,0,"FEMALE",0,"White",1,25,1.41666666666667,6,"""Lincoln Memorial University""",2006,111.248463429119,99.4751641541957,114.663657824183,93.5738406998088,107.385019479493,4.67,4.33,1.125,2.4,1.7625,2.14285714285714,4,2.5,1,1,1,3.2,4,2.73333333333333,1,2.25,4.67,4.5,1.75,2.6,2.6,3,4.25,3.5,3.875,2.75,-0.073,1,1.875,3,3.33333333333333,3.16666666666667,4.4,4.1,5,3.5,4.25,4,1,4,4,4,4,3.86,NA,NA,NA,NA,NA,NA,NA,NA,NA,NA,NA,NA,NA,NA,NA,NA,NA,NA,NA,NA,NA,NA,NA,NA,NA,NA,NA,NA,NA,NA,NA,NA,NA,NA,NA,NA,NA,NA,NA
"20",63,NA,NA,NA,NA,NA,NA,NA,NA,NA,NA,NA,NA,NA,NA,NA,NA,NA,NA,NA,NA,NA,NA,NA,NA,NA,NA,NA,NA,NA,NA,NA,NA,NA,NA,NA,NA,NA,NA,NA,NA,NA,NA,NA,NA,NA,NA,NA,NA,NA,NA,NA,NA,NA,NA,NA,NA,NA,NA,NA,NA,NA,NA,NA,NA,NA,NA,NA,NA,NA,NA,NA,NA,NA,NA,NA,NA,NA,NA,NA,NA,NA,NA,NA,NA,NA,NA,NA,NA,NA,NA,NA,NA,NA,NA,NA,NA,NA,NA,NA,NA,NA,NA,NA,NA,NA,NA,NA
"21",70,"LEXINGTON",2,"CREATIVEDR",8,"""Diag Direct Labor """,12,"ACTIVE",1,1,0,"MALE",1,"White",1,27,0.833333333333333,2,"""na""",NA,80.7778292144989,103.245536609687,114.663657824183,76.7064335570778,90.6680945170112,4.67,2.67,3.375,2.2,2.7875,3,2,2,2.75,3,2,1.4,3,2.13333333333333,2.5,3,2.67,4.25,3.875,2,2.6,2.6,3.25,3.25,3.25,3.5,0.677,2,2.75,2.66666666666667,3.16666666666667,2.91666666666667,2.8,3.9,NA,NA,NA,NA,NA,NA,NA,NA,NA,NA,NA,NA,NA,NA,NA,NA,NA,NA,NA,NA,NA,NA,NA,NA,NA,NA,NA,NA,NA,NA,NA,NA,NA,NA,NA,NA,NA,NA,NA,NA,NA,NA,NA,NA,NA,NA,NA,NA,NA
"22",71,NA,NA,NA,NA,NA,NA,NA,NA,NA,NA,NA,NA,NA,NA,NA,NA,NA,NA,NA,NA,NA,NA,NA,NA,NA,NA,NA,NA,NA,NA,NA,NA,NA,NA,NA,NA,NA,NA,NA,NA,NA,NA,NA,NA,NA,NA,NA,NA,NA,NA,NA,NA,NA,NA,NA,NA,NA,NA,NA,NA,NA,NA,NA,NA,NA,NA,NA,NA,NA,NA,NA,NA,NA,NA,NA,NA,NA,NA,NA,NA,NA,NA,NA,NA,NA,NA,NA,NA,NA,NA,NA,NA,NA,NA,NA,NA,NA,NA,NA,NA,NA,NA,NA,NA,NA,NA,NA
"23",75,"LEXINGTON",2,"NANDINO",7,"""R&D""",28,"ACTIVE",1,1,1,"MALE",1,"White",1,35,11.0833333333333,5,"""Centre College""",1994,83.0413620418707,111.389541113547,105.507477117064,111.207948167209,105.348083244569,2.33,4,3.125,3.1,3.1125,3.71428571428571,4,3.66666666666667,3,3.33333333333333,2,2.4,4,2.8,2,3.5,4,4.25,1.25,4,3.6,4,4.25,4.25,4.25,4,1.177,3.2,3.6,4.25,2.83333333333333,3.54166666666667,4.5,4,3.75,3.75,3.75,4,2,5,5,5,4,4.14,NA,NA,NA,NA,NA,NA,NA,NA,NA,NA,NA,NA,NA,NA,NA,NA,NA,NA,NA,NA,NA,NA,NA,NA,NA,NA,NA,NA,NA,NA,NA,NA,NA,NA,NA,NA,NA,NA,NA
"24",77,"LEXINGTON",2,"NANDINO",7,"""Diag Direct Labor """,12,"ACTIVE",1,1,0,"FEMALE",0,"White",1,55,2.16666666666667,2,"""na""",NA,111.248463429119,NA,96.351296409945,110.249572761372,95.5145979725208,1.33,4.33,4.375,4.3,4.3375,3.71428571428571,2,3.66666666666667,3.5,3,3,2.4,4,3.13333333333333,2.5,3,4.33,4.5,1.125,3,4.2,3,20.3333333333333,3.5,11.9166666666667,1.5,-1.323,1.6,1.55,3.66666666666667,4.16666666666667,3.91666666666667,4.9,3.6,4,3.25,3.63,5,1,3,3,3,4,3.43,NA,NA,NA,NA,NA,NA,NA,NA,NA,NA,NA,NA,NA,NA,NA,NA,NA,NA,NA,NA,NA,NA,NA,NA,NA,NA,NA,NA,NA,NA,NA,NA,NA,NA,NA,NA,NA,NA,NA
"25",78,"LEXINGTON",2,"NANDINO",7,"""Sales Ethical""",44,"ACTIVE",1,1,0,"FEMALE",0,"White",1,27,0.5,5,"""Murray State University""",2002,108.984930601747,116.517247653014,105.507477117064,93.5738406998088,111.739848671401,3.67,3,3.25,2.5,2.875,1.85714285714286,3,2.83333333333333,1.75,2.33333333333333,1,1.6,3.5,2.03333333333333,1,4.25,3.67,4.75,1.25,4.6,3.4,4.6,4.25,3.5,3.875,4.5,1.677,1,2.75,3.25,2.75,3,4.6,3.8,4,4,4,4,2,4,4,4,4,4.14,NA,NA,NA,NA,NA,NA,NA,NA,NA,NA,NA,NA,NA,NA,NA,NA,NA,NA,NA,NA,NA,NA,NA,NA,NA,NA,NA,NA,NA,NA,NA,NA,NA,NA,NA,NA,NA,NA,NA
"26",80,"LEXINGTON",2,"NANDINO",7,"""Sales Life Sciences""",48,"ACTIVE",1,1,1,"FEMALE",0,"White",1,37,15,5,"""Butter Unic""",1992,91.747257531762,99.324349255976,105.507477117064,77.0897837194126,90.7383336975259,3.33,4,3,3.2,3.1,4,5,4,3.75,3.33333333333333,3,3,3,3,3,4.25,4,4.25,1.625,3,3.6,4.4,4.25,4,4.125,4,1.177,2.8,3.4,3.08333333333333,2.58333333333333,2.83333333333333,4,3.7,4,4.25,4.13,5,2,4,5,4.5,4,4.29,NA,NA,NA,NA,NA,NA,NA,NA,NA,NA,NA,NA,NA,NA,NA,NA,NA,NA,NA,NA,NA,NA,NA,NA,NA,NA,NA,NA,NA,NA,NA,NA,NA,NA,NA,NA,NA,NA,NA
"27",81,NA,NA,NA,NA,NA,NA,NA,NA,NA,NA,NA,NA,NA,NA,NA,NA,NA,NA,NA,NA,NA,NA,NA,NA,NA,NA,NA,NA,NA,NA,NA,NA,NA,NA,NA,NA,NA,NA,NA,NA,NA,NA,NA,NA,NA,NA,NA,NA,NA,NA,NA,NA,NA,NA,NA,NA,NA,NA,NA,NA,NA,NA,NA,NA,NA,NA,NA,NA,NA,NA,NA,NA,NA,NA,NA,NA,NA,NA,NA,NA,NA,NA,NA,NA,NA,NA,NA,NA,NA,NA,NA,NA,NA,NA,NA,NA,NA,NA,NA,NA,NA,NA,NA,NA,NA,NA,NA
"28",82,"LEXINGTON",2,"NANDINO",7,"""General Admin""",20,"ACTIVE",1,1,0,"FEMALE",0,"White",1,56,10.4166666666667,2,"""na""",NA,109.681402240938,124.661252156875,105.507477117064,111.207948167209,122.275725748595,1.67,5,4,4.4,4.2,4,4,4.33333333333333,3.25,3.66666666666667,3,2.2,2,2.4,4,4,4,4,1,3.6,3.6,4,4,4,4,2,-0.823,2,2,4.5,2.09090909090909,3.29545454545455,4.8,4.9,5,4,4.5,5,1,3,4,3.5,4,3.86,NA,NA,NA,NA,NA,NA,NA,NA,NA,NA,NA,NA,NA,NA,NA,NA,NA,NA,NA,NA,NA,NA,NA,NA,NA,NA,NA,NA,NA,NA,NA,NA,NA,NA,NA,NA,NA,NA,NA
"29",83,"LEXINGTON",2,"NANDINO",7,"""Sales Racing""",49,"ACTIVE",1,1,0,"MALE",1,"White",1,60,7.91666666666667,5,"""Lincoln Memorial University""",1969,98.1896201942816,113.953394383281,114.663657824183,99.3240931348307,110.96721768574,2.33,4.67,3.25,3.3,3.275,3.14285714285714,3,3.66666666666667,3.25,3,2,2.2,4,2.73333333333333,2,3.5,4,4,1,3.8,3.6,3.8,4,4,4,2,-0.823,2.2,2.1,3.5,1.75,2.625,4.3,3.4,3.75,3.5,3.63,3,2,4,4,4,3,2.71,NA,NA,NA,NA,NA,NA,NA,NA,NA,NA,NA,NA,NA,NA,NA,NA,NA,NA,NA,NA,NA,NA,NA,NA,NA,NA,NA,NA,NA,NA,NA,NA,NA,NA,NA,NA,NA,NA,NA
"30",84,"LEXINGTON",2,"NANDINO",7,"""AS Dist Indirect""",39,"ACTIVE",1,1,1,"MALE",1,"White",1,50,11.5833333333333,2,"""na""",NA,120.650830558201,116.517247653014,93.4598709234863,93.5738406998088,112.933914740149,1.67,4.67,3.5,3.9,3.7,4.28571428571429,3,4.33333333333333,4,4,4,3.8,4,3.93333333333333,2.5,5,4,4.5,1,4.6,2.4,4.8,3,4,3.5,3.5,0.677,1.8,2.65,4.08333333333333,2.33333333333333,3.20833333333333,3,4.4,4.75,4.75,4.75,5,1,5,5,5,4,4.43,NA,NA,NA,NA,NA,NA,NA,NA,NA,NA,NA,NA,NA,NA,NA,NA,NA,NA,NA,NA,NA,NA,NA,NA,NA,NA,NA,NA,NA,NA,NA,NA,NA,NA,NA,NA,NA,NA,NA
"31",87,"LEXINGTON",2,"NANDINO",7,"""AS Dist Indirect""",39,"ACTIVE",1,1,0,"MALE",1,"White",1,35,0.5,5,"""Georgetown College""",1994,99.756681382462,89.9738255663586,114.663657824183,98.3657177289938,100.080144705972,2.67,4.33,3.125,3.7,3.4125,3.85714285714286,4,3.66666666666667,3.75,2.66666666666667,4,4,4,4,4,4,4,4,1,3.8,3.8,4,3.5,4,3.75,3,0.177,3,3,3.66666666666667,1.16666666666667,2.41666666666667,4.2,4.1,NA,NA,NA,NA,NA,NA,NA,NA,NA,NA,NA,NA,NA,NA,NA,NA,NA,NA,NA,NA,NA,NA,NA,NA,NA,NA,NA,NA,NA,NA,NA,NA,NA,NA,NA,NA,NA,NA,NA,NA,NA,NA,NA,NA,NA,NA,NA,NA,NA
"32",90,"LEXINGTON",2,"NANDINO",7,"""Diag Direct Labor """,12,"ACTIVE",1,1,1,"FEMALE",0,"White",1,44,14.9166666666667,3,"""na""",NA,103.413157488216,76.7021145230307,114.663657824183,107.949471787364,98.8860786372231,3,4,3.5,3,3.25,3.42857142857143,2,3.16666666666667,3,3.66666666666667,3,2.2,4,3.06666666666667,3,3.5,4,4,1.375,3.8,3.6,3.8,3,3.75,3.375,2,-0.823,2,2,3.08333333333333,2.66666666666667,2.875,3.9,3.3,3.75,3.5,3.63,3,1,3,4,3.5,4,4,NA,NA,NA,NA,NA,NA,NA,NA,NA,NA,NA,NA,NA,NA,NA,NA,NA,NA,NA,NA,NA,NA,NA,NA,NA,NA,NA,NA,NA,NA,NA,NA,NA,NA,NA,NA,NA,NA,NA
"33",100,"LEXINGTON",2,"NANDINO",7,"""Sales Ideal OTC""",46,"ACTIVE",1,1,0,"FEMALE",0,"White",1,27,1.16666666666667,5,"""University of Kentucky""",2003,99.756681382462,98.1178300702189,94.4236794189726,107.949471787364,101.484928316264,2.67,4,3,3.14285714285714,3.07142857142857,3,1,2.6,2.5,1.66666666666667,2,3.6,2.5,2.7,2.5,5,4.33,4,1.125,4.4,4,4.6,3.33333333333333,4,3.66666666666667,2.5,-0.323,2,2.25,3.33333333333333,2.83333333333333,3.08333333333333,3.9,3.9,3.75,4,3.88,4,2,4,4,4,5,4.57,NA,NA,NA,NA,NA,NA,NA,NA,NA,NA,NA,NA,NA,NA,NA,NA,NA,NA,NA,NA,NA,NA,NA,NA,NA,NA,NA,NA,NA,NA,NA,NA,NA,NA,NA,NA,NA,NA,NA
"34",109,"LEXINGTON",2,"NANDINO",7,"""R&D Vet""",43,"ACTIVE",1,1,1,"MALE",1,"White",1,49,1,7,"""Texas A&M University""",1984,120.650830558201,124.661252156875,114.663657824183,111.207948167209,129.369882980573,2.33,3.33,3,1.7,2.35,3.14285714285714,4,2,4,3.66666666666667,2,3.4,4.5,3.3,4,4,5,5,1,5,4.8,4.6,4.25,4.25,4.25,4.75,1.927,1.2,2.975,3.18181818181818,3.08333333333333,3.13257575757576,2.3,3.3,5,4,4.5,4,1,3,4,3.5,4,3.71,NA,NA,NA,NA,NA,NA,NA,NA,NA,NA,NA,NA,NA,NA,NA,NA,NA,NA,NA,NA,NA,NA,NA,NA,NA,NA,NA,NA,NA,NA,NA,NA,NA,NA,NA,NA,NA,NA,NA
"35",111,"LEXINGTON",2,"NANDINO",7,"""Sales Ideal International""",45,"ACTIVE",1,1,0,"FEMALE",0,"White",1,23,1,5,"""Georgetown College""",2006,75.728409830362,74.7415208461755,79.2436956150646,110.249572761372,77.3226502192313,2.5,4,3.57142857142857,3.5,3.53571428571429,4.14285714285714,3,4,3.75,4.33333333333333,3,2.4,4,3.13333333333333,2.5,4.5,3.33,4.5,1.25,4,3.4,4.4,4.5,3.75,4.125,2,-0.823,1.4,1.7,4.33333333333333,1.75,3.04166666666667,4,4.1,4,3.5,3.75,4,2,3,4,3.5,4,4,NA,NA,NA,NA,NA,NA,NA,NA,NA,NA,NA,NA,NA,NA,NA,NA,NA,NA,NA,NA,NA,NA,NA,NA,NA,NA,NA,NA,NA,NA,NA,NA,NA,NA,NA,NA,NA,NA,NA
"36",114,"LEXINGTON",2,"NANDINO",7,"""AS Dist Direct""",38,"ACTIVE",1,1,0,"MALE",1,"White",1,37,0.0833333333333333,3,"""na""",NA,108.984930601747,124.661252156875,90.8093975608992,110.249572761372,117.358983112571,2.67,4,3.25,2.7,2.975,4,4,3,3.5,3.33333333333333,3,3.4,3,3.13333333333333,3,4,4,4.25,1.625,3.6,2.4,3.4,3.75,4.25,4,2,-0.823,2,2,3.91666666666667,1.25,2.58333333333333,4.6,5,3.5,3,3.25,4,3,2,3,2.5,3,3.57,NA,NA,NA,NA,NA,NA,NA,NA,NA,NA,NA,NA,NA,NA,NA,NA,NA,NA,NA,NA,NA,NA,NA,NA,NA,NA,NA,NA,NA,NA,NA,NA,NA,NA,NA,NA,NA,NA,NA
"37",116,"LEXINGTON",2,"NANDINO",7,"""Sales Ethical""",44,"ACTIVE",1,1,0,"FEMALE",0,"White",1,32,2.25,3,"""na""",NA,103.93551121761,97.5145704773404,114.663657824183,95.8739416738176,104.364734717364,5,1,3,1.7,2.35,2.42857142857143,1,1,1,2,1,1.2,2,1.4,1,1.25,1.67,5,5,1,1.6,1.6,5,4,4.5,5,2.177,2,3.5,2.66666666666667,4.41666666666667,3.54166666666667,2.3,4.9,2,2.75,2.38,3,2,4,4,4,2,2.14,NA,NA,NA,NA,NA,NA,NA,NA,NA,NA,NA,NA,NA,NA,NA,NA,NA,NA,NA,NA,NA,NA,NA,NA,NA,NA,NA,NA,NA,NA,NA,NA,NA,NA,NA,NA,NA,NA,NA
"38",117,NA,NA,NA,NA,NA,NA,NA,NA,NA,NA,NA,NA,NA,NA,NA,NA,NA,NA,NA,NA,NA,NA,NA,NA,NA,NA,NA,NA,NA,NA,NA,NA,NA,NA,NA,NA,NA,NA,NA,NA,NA,NA,NA,NA,NA,NA,NA,NA,NA,NA,NA,NA,NA,NA,NA,NA,NA,NA,NA,NA,NA,NA,NA,NA,NA,NA,NA,NA,NA,NA,NA,NA,NA,NA,NA,NA,NA,NA,NA,NA,NA,NA,NA,NA,NA,NA,NA,NA,NA,NA,NA,NA,NA,NA,NA,NA,NA,NA,NA,NA,NA,NA,NA,NA,NA,NA,NA
"39",119,NA,NA,NA,NA,NA,NA,NA,NA,NA,NA,NA,NA,NA,NA,NA,NA,NA,NA,NA,NA,NA,NA,NA,NA,NA,NA,NA,NA,NA,NA,NA,NA,NA,NA,NA,NA,NA,NA,NA,NA,NA,NA,NA,NA,NA,NA,NA,NA,NA,NA,NA,NA,NA,NA,NA,NA,NA,NA,NA,NA,NA,NA,NA,NA,NA,NA,NA,NA,NA,NA,NA,NA,NA,NA,NA,NA,NA,NA,NA,NA,NA,NA,NA,NA,NA,NA,NA,NA,NA,NA,NA,NA,NA,NA,NA,NA,NA,NA,NA,NA,NA,NA,NA,NA,NA,NA,NA
"40",129,"LEXINGTON",2,"NANDINO",7,"""R&D Vet""",43,"ACTIVE",1,1,0,"FEMALE",0,"White",1,29,2,5,"""Western Kentucky University""",2000,120.650830558201,98.1178300702189,105.507477117064,111.207948167209,114.338698350442,2.33,4,2.625,3.2,2.9125,3.85714285714286,4,3.83333333333333,3.5,4,4,3,4,3.66666666666667,3.5,4,4,4.5,1.125,4,3.8,4,4,4,4,2.5,-0.323,2,2.25,2.83333333333333,2.08333333333333,2.45833333333333,4.7,3.8,4,4,4,4,1,4,5,4.5,5,4.86,NA,NA,NA,NA,NA,NA,NA,NA,NA,NA,NA,NA,NA,NA,NA,NA,NA,NA,NA,NA,NA,NA,NA,NA,NA,NA,NA,NA,NA,NA,NA,NA,NA,NA,NA,NA,NA,NA,NA
"41",130,"LEXINGTON",2,"NANDINO",7,"""Sales Ideal OTC""",46,"ACTIVE",1,1,0,"FEMALE",0,"White",1,24,0.25,5,"""University of Kentucky""",2006,91.9213754415598,99.324349255976,114.663657824183,99.3240931348307,101.625406677294,2,4.67,3,3.2,3.1,4.28571428571429,4,4.66666666666667,3.25,4.33333333333333,5,3.4,3,3.8,4.5,5,4,5,1,4.6,3.6,5,5,4.25,4.625,4.25,1.427,1.2,2.725,4.25,2.58333333333333,3.41666666666667,3.7,3.9,3.75,4,3.88,4,2,2,4,3,4,4.14,NA,NA,NA,NA,NA,NA,NA,NA,NA,NA,NA,NA,NA,NA,NA,NA,NA,NA,NA,NA,NA,NA,NA,NA,NA,NA,NA,NA,NA,NA,NA,NA,NA,NA,NA,NA,NA,NA,NA
"42",134,"LEXINGTON",2,"NANDINO",7,"""Sales Ideal OTC""",46,"ACTIVE",1,1,0,"MALE",1,"White",1,26,0.166666666666667,5,"""University of Kentucky""",2003,109.681402240938,124.661252156875,105.507477117064,111.207948167209,122.275725748595,2,2,2.125,3.2,2.6625,2.57142857142857,4,4,4,2.66666666666667,4,3.4,4,3.8,3,5,5,5,1,4.4,4.8,4.8,4.5,5,4.75,1,-1.823,1,1,3.75,2.66666666666667,3.20833333333333,4.5,4.4,4.5,4,4.25,4,1,4,5,4.5,4,4.14,NA,NA,NA,NA,NA,NA,NA,NA,NA,NA,NA,NA,NA,NA,NA,NA,NA,NA,NA,NA,NA,NA,NA,NA,NA,NA,NA,NA,NA,NA,NA,NA,NA,NA,NA,NA,NA,NA,NA
"43",136,NA,NA,NA,NA,NA,NA,NA,NA,NA,NA,NA,NA,NA,NA,NA,NA,NA,NA,NA,NA,NA,NA,NA,NA,NA,NA,NA,NA,NA,NA,NA,NA,NA,NA,NA,NA,NA,NA,NA,NA,NA,NA,NA,NA,NA,NA,NA,NA,NA,NA,NA,NA,NA,NA,NA,NA,NA,NA,NA,NA,NA,NA,NA,NA,NA,NA,NA,NA,NA,NA,NA,NA,NA,NA,NA,NA,NA,NA,NA,NA,NA,NA,NA,NA,NA,NA,NA,NA,NA,NA,NA,NA,NA,NA,NA,NA,NA,NA,NA,NA,NA,NA,NA,NA,NA,NA,NA
"44",137,NA,NA,NA,NA,NA,NA,NA,NA,NA,NA,NA,NA,NA,NA,NA,NA,NA,NA,NA,NA,NA,NA,NA,NA,NA,NA,NA,NA,NA,NA,NA,NA,NA,NA,NA,NA,NA,NA,NA,NA,NA,NA,NA,NA,NA,NA,NA,NA,NA,NA,NA,NA,NA,NA,NA,NA,NA,NA,NA,NA,NA,NA,NA,NA,NA,NA,NA,NA,NA,NA,NA,NA,NA,NA,NA,NA,NA,NA,NA,NA,NA,NA,NA,NA,NA,NA,NA,NA,NA,NA,NA,NA,NA,NA,NA,NA,NA,NA,NA,NA,NA,NA,NA,NA,NA,NA,NA
"45",145,"LEXINGTON",2,"NANDINO",7,"""Sales Ethical""",44,"ACTIVE",1,1,0,"FEMALE",0,"White",1,31,1.16666666666667,2,"""na""",NA,120.650830558201,111.389541113547,114.663657824183,111.207948167209,123.188835095285,1.33,5,3.625,3.6,3.6125,3.71428571428571,4,3.5,3.5,3.33333333333333,3,3.4,4,3.46666666666667,3,5,5,3.75,1,4.6,3.6,5,4,3.75,3.875,1,-1.823,1.2,1.1,3.83333333333333,2.41666666666667,3.125,4.5,4.6,5,4.75,4.88,5,1,4,5,4.5,5,5,NA,NA,NA,NA,NA,NA,NA,NA,NA,NA,NA,NA,NA,NA,NA,NA,NA,NA,NA,NA,NA,NA,NA,NA,NA,NA,NA,NA,NA,NA,NA,NA,NA,NA,NA,NA,NA,NA,NA
"46",147,"LEXINGTON",2,"NANDINO",7,"""Diag Indirect Labor """,40,"ACTIVE",1,1,1,"MALE",1,"White",1,38,14.3333333333333,5,"""University of south florida""",1992,82.1707724928815,76.7021145230307,105.507477117064,74.5980076642365,75.4261923453363,2.67,4.33,3.25,2.7,2.975,4.42857142857143,4,3.33333333333333,3.5,2.33333333333333,4,2.2,4,3.4,4,3.5,4,4.5,1,3.6,4.4,4,2.5,4.5,3.5,2.25,-0.573,2,2.125,2.83333333333333,2.58333333333333,2.70833333333333,3.5,4.9,4,3.75,3.88,4,2,4,5,4.5,4,4.29,NA,NA,NA,NA,NA,NA,NA,NA,NA,NA,NA,NA,NA,NA,NA,NA,NA,NA,NA,NA,NA,NA,NA,NA,NA,NA,NA,NA,NA,NA,NA,NA,NA,NA,NA,NA,NA,NA,NA
"47",148,NA,NA,NA,NA,NA,NA,NA,NA,NA,NA,NA,NA,NA,NA,NA,NA,NA,NA,NA,NA,NA,NA,NA,NA,NA,NA,NA,NA,NA,NA,NA,NA,NA,NA,NA,NA,NA,NA,NA,NA,NA,NA,NA,NA,NA,NA,NA,NA,NA,NA,NA,NA,NA,NA,NA,NA,NA,NA,NA,NA,NA,NA,NA,NA,NA,NA,NA,NA,NA,NA,NA,NA,NA,NA,NA,NA,NA,NA,NA,NA,NA,NA,NA,NA,NA,NA,NA,NA,NA,NA,NA,NA,NA,NA,NA,NA,NA,NA,NA,NA,NA,NA,NA,NA,NA,NA,NA
"48",149,NA,NA,NA,NA,NA,NA,NA,NA,NA,NA,NA,NA,NA,NA,NA,NA,NA,NA,NA,NA,NA,NA,NA,NA,NA,NA,NA,NA,NA,NA,NA,NA,NA,NA,NA,NA,NA,NA,NA,NA,NA,NA,NA,NA,NA,NA,NA,NA,NA,NA,NA,NA,NA,NA,NA,NA,NA,NA,NA,NA,NA,NA,NA,NA,NA,NA,NA,NA,NA,NA,NA,NA,NA,NA,NA,NA,NA,NA,NA,NA,NA,NA,NA,NA,NA,NA,NA,NA,NA,NA,NA,NA,NA,NA,NA,NA,NA,NA,NA,NA,NA,NA,NA,NA,NA,NA,NA
"49",156,NA,NA,NA,NA,NA,NA,NA,NA,NA,NA,NA,NA,NA,NA,NA,NA,NA,NA,NA,NA,NA,NA,NA,NA,NA,NA,NA,NA,NA,NA,NA,NA,NA,NA,NA,NA,NA,NA,NA,NA,NA,NA,NA,NA,NA,NA,NA,NA,NA,NA,NA,NA,NA,NA,NA,NA,NA,NA,NA,NA,NA,NA,NA,NA,NA,NA,NA,NA,NA,NA,NA,NA,NA,NA,NA,NA,NA,NA,NA,NA,NA,NA,NA,NA,NA,NA,NA,NA,NA,NA,NA,NA,NA,NA,NA,NA,NA,NA,NA,NA,NA,NA,NA,NA,NA,NA,NA
"50",163,"LEXINGTON",2,"NANDINO",7,"""Diag Direct Labor """,12,"ACTIVE",1,1,0,"FEMALE",0,"White",1,23,0.75,5,"""University of Kentucky""",2006,111.248463429119,111.389541113547,105.507477117064,80.5399351804258,105.488561605598,3,3,2.75,2.2,2.475,3.57142857142857,4,2.5,3,2.66666666666667,5,1.8,5,3.93333333333333,5,4,2,4.25,1.875,3.8,3.8,4.2,3.5,3.25,3.375,2,-0.823,2,2,3.16666666666667,2.33333333333333,2.75,4.3,4.4,3.25,3,3.13,2,2,3,4,3.5,2,2.71,NA,NA,NA,NA,NA,NA,NA,NA,NA,NA,NA,NA,NA,NA,NA,NA,NA,NA,NA,NA,NA,NA,NA,NA,NA,NA,NA,NA,NA,NA,NA,NA,NA,NA,NA,NA,NA,NA,NA
"51",168,NA,NA,NA,NA,NA,NA,NA,NA,NA,NA,NA,NA,NA,NA,NA,NA,NA,NA,NA,NA,NA,NA,NA,NA,NA,NA,NA,NA,NA,NA,NA,NA,NA,NA,NA,NA,NA,NA,NA,NA,NA,NA,NA,NA,NA,NA,NA,NA,NA,NA,NA,NA,NA,NA,NA,NA,NA,NA,NA,NA,NA,NA,NA,NA,NA,NA,NA,NA,NA,NA,NA,NA,NA,NA,NA,NA,NA,NA,NA,NA,NA,NA,NA,NA,NA,NA,NA,NA,NA,NA,NA,NA,NA,NA,NA,NA,NA,NA,NA,NA,NA,NA,NA,NA,NA,NA,NA
"52",169,NA,NA,NA,NA,NA,NA,NA,NA,NA,NA,NA,NA,NA,NA,NA,NA,NA,NA,NA,NA,NA,NA,NA,NA,NA,NA,NA,NA,NA,NA,NA,NA,NA,NA,NA,NA,NA,NA,NA,NA,NA,NA,NA,NA,NA,NA,NA,NA,NA,NA,NA,NA,NA,NA,NA,NA,NA,NA,NA,NA,NA,NA,NA,NA,NA,NA,NA,NA,NA,NA,NA,NA,NA,NA,NA,NA,NA,NA,NA,NA,NA,NA,NA,NA,NA,NA,NA,NA,NA,NA,NA,NA,NA,NA,NA,NA,NA,NA,NA,NA,NA,NA,NA,NA,NA,NA,NA
"53",171,"LEXINGTON",2,"NANDINO",7,"""Accounting""",1,"ACTIVE",1,1,1,"FEMALE",0,"White",1,40,1.41666666666667,5,"""Midway College""",2002,108.984930601747,88.6164914823819,99.4836740202752,99.3240931348307,99.096796178767,2.67,4,3.25,3.6,3.425,2.85714285714286,1,4,2,2.66666666666667,2,4,3,3,4,4,4,4,1.5,4,4,4,3.5,4.25,3.875,2,-0.823,2,2,3.66666666666667,2.16666666666667,2.91666666666667,3.8,4.1,3.75,4.75,4.25,5,1,5,5,5,5,4.86,NA,NA,NA,NA,NA,NA,NA,NA,NA,NA,NA,NA,NA,NA,NA,NA,NA,NA,NA,NA,NA,NA,NA,NA,NA,NA,NA,NA,NA,NA,NA,NA,NA,NA,NA,NA,NA,NA,NA
"54",173,"LEXINGTON",2,"NANDINO",7,"""Sales Ethical""",44,"ACTIVE",1,1,0,"FEMALE",0,"White",1,27,1.16666666666667,5,"""University of Georgia""",2003,111.248463429119,111.389541113547,105.507477117064,110.249572761372,116.375634585366,5,1.33,1.625,1.2,1.4125,2.28571428571429,4,1,1,1.33333333333333,1,1,4,2,1,1,2.33,4.75,4,1,2.6,1,5,3.75,4.375,3.5,0.677,2,2.75,2.58333333333333,3.91666666666667,3.25,5,4.3,4,4,4,4,1,4,4,4,4,3.86,NA,NA,NA,NA,NA,NA,NA,NA,NA,NA,NA,NA,NA,NA,NA,NA,NA,NA,NA,NA,NA,NA,NA,NA,NA,NA,NA,NA,NA,NA,NA,NA,NA,NA,NA,NA,NA,NA,NA
"55",178,NA,NA,NA,NA,NA,NA,NA,NA,NA,NA,NA,NA,NA,NA,NA,NA,NA,NA,NA,NA,NA,NA,NA,NA,NA,NA,NA,NA,NA,NA,NA,NA,NA,NA,NA,NA,NA,NA,NA,NA,NA,NA,NA,NA,NA,NA,NA,NA,NA,NA,NA,NA,NA,NA,NA,NA,NA,NA,NA,NA,NA,NA,NA,NA,NA,NA,NA,NA,NA,NA,NA,NA,NA,NA,NA,NA,NA,NA,NA,NA,NA,NA,NA,NA,NA,NA,NA,NA,NA,NA,NA,NA,NA,NA,NA,NA,NA,NA,NA,NA,NA,NA,NA,NA,NA,NA,NA
"56",180,"LEXINGTON",2,"NANDINO",7,"""Sales Ideal International""",45,"ACTIVE",1,1,0,"MALE",1,"White",1,28,4.41666666666667,5,"""Eastern Kentucky University""",2005,109.681402240938,86.2034531108678,96.351296409945,77.28145880058,89.2633109067186,3.33,4,2.875,2.9,2.8875,2.85714285714286,1,3.33333333333333,2,3.33333333333333,1,1.2,5,2.4,2,4,5,4,2.875,3.2,4.2,3.4,3.75,3.75,3.75,2,-0.823,1.8,1.9,3.33333333333333,2.16666666666667,2.75,4.2,3.8,4.25,4,4.13,4,1,4,4,4,5,4.71,NA,NA,NA,NA,NA,NA,NA,NA,NA,NA,NA,NA,NA,NA,NA,NA,NA,NA,NA,NA,NA,NA,NA,NA,NA,NA,NA,NA,NA,NA,NA,NA,NA,NA,NA,NA,NA,NA,NA
"57",182,"LEXINGTON",2,"NANDINO",7,"""Sales Ethical""",44,"ACTIVE",1,1,1,"MALE",1,"White",1,34,7.08333333333333,5,"""Uni""",2000,61.9730949563336,89.9738255663586,81.6532168537802,110.249572761372,79.5703039956995,3.67,4,2.875,3,2.9375,3.71428571428571,3,2.66666666666667,2.75,2.66666666666667,2,2.6,3.5,2.7,2.5,2.5,3.33,4.25,1.5,2.8,3,2.8,3.5,4.5,4,3.75,0.927,2.4,3.075,3.25,2.83333333333333,3.04166666666667,3.7,3.6,3.5,4,3.75,4,2,5,4,4.5,4,4,NA,NA,NA,NA,NA,NA,NA,NA,NA,NA,NA,NA,NA,NA,NA,NA,NA,NA,NA,NA,NA,NA,NA,NA,NA,NA,NA,NA,NA,NA,NA,NA,NA,NA,NA,NA,NA,NA,NA
"58",183,"LEXINGTON",2,"NANDINO",7,"""Diag Indirect Labor """,40,"ACTIVE",1,1,0,"MALE",1,"White",1,46,1.5,2,"""na""",NA,92.4437291709533,111.389541113547,114.663657824183,98.3657177289938,107.104062757435,1.67,5,3.625,4,3.8125,3.42857142857143,4,3.33333333333333,4,4,3,2.2,3.5,2.9,3,5,5,4.75,1.25,4.4,4.8,4.8,4,4,4,1,-1.823,1,1,3.5,2.58333333333333,3.04166666666667,3.9,4.7,3.25,3.25,3.25,4,2,3,3,3,4,3.86,NA,NA,NA,NA,NA,NA,NA,NA,NA,NA,NA,NA,NA,NA,NA,NA,NA,NA,NA,NA,NA,NA,NA,NA,NA,NA,NA,NA,NA,NA,NA,NA,NA,NA,NA,NA,NA,NA,NA
"59",184,NA,NA,NA,NA,NA,NA,NA,NA,NA,NA,NA,NA,NA,NA,NA,NA,NA,NA,NA,NA,NA,NA,NA,NA,NA,NA,NA,NA,NA,NA,NA,NA,NA,NA,NA,NA,NA,NA,NA,NA,NA,NA,NA,NA,NA,NA,NA,NA,NA,NA,NA,NA,NA,NA,NA,NA,NA,NA,NA,NA,NA,NA,NA,NA,NA,NA,NA,NA,NA,NA,NA,NA,NA,NA,NA,NA,NA,NA,NA,NA,NA,NA,NA,NA,NA,NA,NA,NA,NA,NA,NA,NA,NA,NA,NA,NA,NA,NA,NA,NA,NA,NA,NA,NA,NA,NA,NA
"60",192,"LEXINGTON",2,"NANDINO",7,"""Sales Ethical""",44,"ACTIVE",1,1,1,"FEMALE",0,"White",1,47,0.416666666666667,6,"""University of Kentucky""",1982,109.681402240938,103.245536609687,114.663657824183,111.207948167209,114.970850975074,3.67,3,2.25,2.8,2.525,2,4,2.83333333333333,1.5,3.66666666666667,2,2.8,2.5,2.43333333333333,2.5,2.5,3.67,4,1.625,3,4,3,3.75,3.75,3.75,2.5,-0.323,2.2,2.35,3.08333333333333,2.83333333333333,2.95833333333333,4,3.4,4,2.75,3.38,4,1,3,3,3,3,3.29,NA,NA,NA,NA,NA,NA,NA,NA,NA,NA,NA,NA,NA,NA,NA,NA,NA,NA,NA,NA,NA,NA,NA,NA,NA,NA,NA,NA,NA,NA,NA,NA,NA,NA,NA,NA,NA,NA,NA
"61",194,"LEXINGTON",2,"NANDINO",7,"""Sales Ethical""",44,"ACTIVE",1,1,1,"FEMALE",0,"White",1,36,3.41666666666667,4,"""The Art Institute of Pittsburgh""",1992,99.756681382462,103.245536609687,70.5694191556886,111.207948167209,98.1134476515621,3,4,2.625,3.7,3.1625,3.85714285714286,4,3.83333333333333,2.75,3.33333333333333,4,3.2,3.5,3.56666666666667,3,4,4.33,5,1.625,4,3.6,3.4,4.5,4,4.25,2,-0.823,2,2,4.25,2.41666666666667,3.33333333333333,4.3,4.6,3.75,3,3.38,4,2,3,4,3.5,3,3.29,NA,NA,NA,NA,NA,NA,NA,NA,NA,NA,NA,NA,NA,NA,NA,NA,NA,NA,NA,NA,NA,NA,NA,NA,NA,NA,NA,NA,NA,NA,NA,NA,NA,NA,NA,NA,NA,NA,NA
"62",196,"LEXINGTON",2,"NANDINO",7,"""AS Dist Direct""",38,"ACTIVE",1,1,0,"FEMALE",0,"White",1,30,1.91666666666667,2,"""na""",NA,106.199044044982,85.4493786197696,72.4970361466611,111.207948167209,92.9859874739941,2.67,4,3.125,3,3.0625,3.85714285714286,4,3.66666666666667,4.25,3.33333333333333,4,4,3.5,3.83333333333333,4,4,3.33,5,1.125,4.4,3,4.8,2.75,2.5,2.625,1,-1.823,1,1,3.3,2.91666666666667,3.10833333333333,3.4,4.3,2,2.5,2.25,2,3,4,1,2.5,1,1.71,NA,NA,NA,NA,NA,NA,NA,NA,NA,NA,NA,NA,NA,NA,NA,NA,NA,NA,NA,NA,NA,NA,NA,NA,NA,NA,NA,NA,NA,NA,NA,NA,NA,NA,NA,NA,NA,NA,NA
"63",197,"LEXINGTON",2,"CREATIVEDR",8,"""Diag Direct Labor """,12,"ACTIVE",1,1,0,"MALE",1,"White",1,50,1,2,"""na""",NA,111.248463429119,98.1178300702189,114.663657824183,110.249572761372,112.863675559635,5,1,1.75,1.1,1.425,2.28571428571429,1,1,1,1,0,1.4,2,1.13333333333333,1,1.25,3,3,4.5,1.4,4.6,1.4,3.75,2.25,3,3.25,0.427,1.2,2.225,2.16666666666667,2.5,2.33333333333333,4.5,4.5,NA,NA,NA,NA,NA,NA,NA,NA,NA,NA,NA,NA,NA,NA,NA,NA,NA,NA,NA,NA,NA,NA,NA,NA,NA,NA,NA,NA,NA,NA,NA,NA,NA,NA,NA,NA,NA,NA,NA,NA,NA,NA,NA,NA,NA,NA,NA,NA,NA
"64",200,"LEXINGTON",2,"NANDINO",7,"""Sales & Marketing """,29,"ACTIVE",1,1,0,"MALE",1,"White",1,29,6.41666666666667,4,"""na""",NA,92.9660829003468,98.7210896630975,114.663657824183,111.207948167209,106.12071423023,5,1,1.5,1,1.25,1.42857142857143,1,1,1,1,1,1,1.5,1.16666666666667,1,1.25,1,2,4.625,1.8,2.2,1.6,1.5,1.25,1.375,3.5,0.677,3,3.25,2.83333333333333,2.58333333333333,2.70833333333333,2.2,2.8,3.5,3.5,3.5,2,2,4,4,4,2,3,NA,NA,NA,NA,NA,NA,NA,NA,NA,NA,NA,NA,NA,NA,NA,NA,NA,NA,NA,NA,NA,NA,NA,NA,NA,NA,NA,NA,NA,NA,NA,NA,NA,NA,NA,NA,NA,NA,NA
"65",206,NA,NA,NA,NA,NA,NA,NA,NA,NA,NA,NA,NA,NA,NA,NA,NA,NA,NA,NA,NA,NA,NA,NA,NA,NA,NA,NA,NA,NA,NA,NA,NA,NA,NA,NA,NA,NA,NA,NA,NA,NA,NA,NA,NA,NA,NA,NA,NA,NA,NA,NA,NA,NA,NA,NA,NA,NA,NA,NA,NA,NA,NA,NA,NA,NA,NA,NA,NA,NA,NA,NA,NA,NA,NA,NA,NA,NA,NA,NA,NA,NA,NA,NA,NA,NA,NA,NA,NA,NA,NA,NA,NA,NA,NA,NA,NA,NA,NA,NA,NA,NA,NA,NA,NA,NA,NA,NA
"66",208,"LEXINGTON",2,"CREATIVEDR",8,"""Diag Direct Labor """,12,"ACTIVE",1,1,0,"MALE",1,"Black",2,40,0.666666666666667,1,"""Bluegrass Community and Technical College""",2007,91.9213754415598,86.2034531108678,114.663657824183,59.4556762520121,80.9048484254775,2.67,3.33,2.625,2.7,2.6625,2.71428571428571,2,2.16666666666667,3.5,2.66666666666667,5,2.2,2,3.06666666666667,3,3.75,4,4,2.75,3.2,3.6,3.6,3,3.5,3.25,3,0.177,3.2,3.1,3,2.25,2.625,3.2,3.7,NA,NA,NA,NA,NA,NA,NA,NA,NA,NA,NA,NA,NA,NA,NA,NA,NA,NA,NA,NA,NA,NA,NA,NA,NA,NA,NA,NA,NA,NA,NA,NA,NA,NA,NA,NA,NA,NA,NA,NA,NA,NA,NA,NA,NA,NA,NA,NA,NA
"67",209,"LEXINGTON",2,"NANDINO",7,"""Sales Ideal OTC""",46,"ACTIVE",1,1,1,"MALE",1,"White",1,30,2.33333333333333,5,"""Purdue University""",2001,80.2554754851054,100.681683339953,76.1113180047344,110.249572761372,90.3168986144381,2.33,4,1.875,2.5,2.1875,3.42857142857143,4,3.16666666666667,2.75,2,3,3.2,3,3.06666666666667,2,4.25,4,4.5,1.5,4.4,3.6,4.6,4,3.5,3.75,4,1.177,2.2,3.1,3.66666666666667,2.91666666666667,3.29166666666667,4.1,4.2,3.25,2.25,2.75,3,2,3,4,3.5,2,3,NA,NA,NA,NA,NA,NA,NA,NA,NA,NA,NA,NA,NA,NA,NA,NA,NA,NA,NA,NA,NA,NA,NA,NA,NA,NA,NA,NA,NA,NA,NA,NA,NA,NA,NA,NA,NA,NA,NA
"68",211,"LEXINGTON",2,"NANDINO",7,"""Sales Ideal OTC""",46,"ACTIVE",1,1,1,"MALE",1,"White",1,33,3.41666666666667,5,"""Morehead State University""",1996,111.248463429119,88.0132318895034,114.663657824183,111.207948167209,108.508846367728,4,2.67,2.375,1.9,2.1375,2.85714285714286,1,2.16666666666667,1.75,1.33333333333333,1,2.2,2,1.73333333333333,2,2.5,4,4.75,1.75,1.8,2.8,2.2,4.5,4,4.25,4.25,1.427,1.6,2.925,3.58333333333333,2.75,3.16666666666667,4.3,4.1,4.75,4.75,4.75,5,1,5,5,5,5,5,NA,NA,NA,NA,NA,NA,NA,NA,NA,NA,NA,NA,NA,NA,NA,NA,NA,NA,NA,NA,NA,NA,NA,NA,NA,NA,NA,NA,NA,NA,NA,NA,NA,NA,NA,NA,NA,NA,NA
"69",216,NA,NA,NA,NA,NA,NA,NA,NA,NA,NA,NA,NA,NA,NA,NA,NA,NA,NA,NA,NA,NA,NA,NA,NA,NA,NA,NA,NA,NA,NA,NA,NA,NA,NA,NA,NA,NA,NA,NA,NA,NA,NA,NA,NA,NA,NA,NA,NA,NA,NA,NA,NA,NA,NA,NA,NA,NA,NA,NA,NA,NA,NA,NA,NA,NA,NA,NA,NA,NA,NA,NA,NA,NA,NA,NA,NA,NA,NA,NA,NA,NA,NA,NA,NA,NA,NA,NA,NA,NA,NA,NA,NA,NA,NA,NA,NA,NA,NA,NA,NA,NA,NA,NA,NA,NA,NA,NA
"70",217,NA,NA,NA,NA,NA,NA,NA,NA,NA,NA,NA,NA,NA,NA,NA,NA,NA,NA,NA,NA,NA,NA,NA,NA,NA,NA,NA,NA,NA,NA,NA,NA,NA,NA,NA,NA,NA,NA,NA,NA,NA,NA,NA,NA,NA,NA,NA,NA,NA,NA,NA,NA,NA,NA,NA,NA,NA,NA,NA,NA,NA,NA,NA,NA,NA,NA,NA,NA,NA,NA,NA,NA,NA,NA,NA,NA,NA,NA,NA,NA,NA,NA,NA,NA,NA,NA,NA,NA,NA,NA,NA,NA,NA,NA,NA,NA,NA,NA,NA,NA,NA,NA,NA,NA,NA,NA,NA
"71",220,"LEXINGTON",2,"NANDINO",7,"""General Admin""",20,"ACTIVE",1,1,1,"FEMALE",0,"White",1,43,15.0833333333333,5,"""Miami University""",1986,77.9919426577337,111.389541113547,105.507477117064,111.207948167209,103.311147009645,1.67,4.67,3.125,5,4.0625,5,4,5,5,4,4,4.6,5,4.53333333333333,3.5,5,5,5,1,4.8,4.8,4.6,5,5,5,5,2.177,1.4,3.2,4.83333333333333,2,3.41666666666667,3.5,4.1,NA,NA,NA,NA,NA,NA,NA,NA,NA,NA,NA,NA,NA,NA,NA,NA,NA,NA,NA,NA,NA,NA,NA,NA,NA,NA,NA,NA,NA,NA,NA,NA,NA,NA,NA,NA,NA,NA,NA,NA,NA,NA,NA,NA,NA,NA,NA,NA,NA
"72",222,"LEXINGTON",2,"NANDINO",7,"""AS Dist Direct""",38,"ACTIVE",1,1,0,"FEMALE",0,"White",1,61,1.08333333333333,2,"""na""",NA,120.650830558201,111.389541113547,70.0875149079455,85.1401371284433,100.642058150089,3.33,4,3.375,2.9,3.1375,3.14285714285714,4,3,2.33333333333333,3,3,2.2,3.5,2.9,3,3.25,3.67,4,1.125,3.4,2,2.4,4,3.25,3.625,2.5,-0.323,2,2.25,2.33333333333333,2.16666666666667,2.25,3.33333333333333,4.6,3.5,3.5,3.5,4,2,4,4,4,4,3.29,NA,NA,NA,NA,NA,NA,NA,NA,NA,NA,NA,NA,NA,NA,NA,NA,NA,NA,NA,NA,NA,NA,NA,NA,NA,NA,NA,NA,NA,NA,NA,NA,NA,NA,NA,NA,NA,NA,NA
"73",229,"LEXINGTON",2,"CREATIVEDR",8,"""Diag Direct Labor """,12,"ACTIVE",1,1,0,"MALE",1,"White",1,31,6.41666666666667,2,"""na""",NA,81.4743008536902,111.389541113547,96.351296409945,62.7141526318578,84.2763290901798,5,3.67,2.75,1.6,2.175,3.42857142857143,1,1.66666666666667,2.5,3.33333333333333,1,1,2.5,1.5,1,4.75,4,5,2.125,3.2,3,3.8,4.75,4,4.375,4,1.177,2,3,3.25,2.58333333333333,2.91666666666667,2.7,3.8,NA,NA,NA,NA,NA,NA,NA,NA,NA,NA,NA,NA,NA,NA,NA,NA,NA,NA,NA,NA,NA,NA,NA,NA,NA,NA,NA,NA,NA,NA,NA,NA,NA,NA,NA,NA,NA,NA,NA,NA,NA,NA,NA,NA,NA,NA,NA,NA,NA
"74",231,NA,NA,NA,NA,NA,NA,NA,NA,NA,NA,NA,NA,NA,NA,NA,NA,NA,NA,NA,NA,NA,NA,NA,NA,NA,NA,NA,NA,NA,NA,NA,NA,NA,NA,NA,NA,NA,NA,NA,NA,NA,NA,NA,NA,NA,NA,NA,NA,NA,NA,NA,NA,NA,NA,NA,NA,NA,NA,NA,NA,NA,NA,NA,NA,NA,NA,NA,NA,NA,NA,NA,NA,NA,NA,NA,NA,NA,NA,NA,NA,NA,NA,NA,NA,NA,NA,NA,NA,NA,NA,NA,NA,NA,NA,NA,NA,NA,NA,NA,NA,NA,NA,NA,NA,NA,NA,NA
"75",238,"LEXINGTON",2,"NANDINO",7,"""Diag Direct Labor """,12,"ACTIVE",1,1,0,"FEMALE",0,"White",1,53,11.9166666666667,2,"""na""",NA,108.984930601747,98.1178300702189,105.507477117064,92.8071403751392,102.889711926557,1.33,3.33,3.25,3.2,3.225,3.71428571428571,4,2.5,2.5,3.66666666666667,2,1.8,4.5,2.76666666666667,1,3.5,4,4,1.125,4,4.4,3.4,3.25,3.25,3.25,1.25,-1.573,1,1.125,2.16666666666667,1.91666666666667,2.04166666666667,3.5,4.1,3.5,3.25,3.38,4,2,4,4,4,4,4,NA,NA,NA,NA,NA,NA,NA,NA,NA,NA,NA,NA,NA,NA,NA,NA,NA,NA,NA,NA,NA,NA,NA,NA,NA,NA,NA,NA,NA,NA,NA,NA,NA,NA,NA,NA,NA,NA,NA
"76",245,"LEXINGTON",2,"CREATIVEDR",8,"""Diag Direct Labor """,12,"ACTIVE",1,1,0,"MALE",1,"White",1,22,1.08333333333333,2,"""Adult Education""",2005,120.650830558201,97.5145704773404,81.6532168537802,57.7306005215055,87.5073313938528,5,1.33,1.5,1.3,1.4,3.71428571428571,4,1.33333333333333,2.5,4,1,1,3.5,1.83333333333333,2,2.5,3,4.25,4.375,2.2,2.8,2.6,3.5,2.75,3.125,2.5,-0.323,2,2.25,1.58333333333333,3.41666666666667,2.5,3.9,4.1,NA,NA,NA,NA,NA,NA,NA,NA,NA,NA,NA,NA,NA,NA,NA,NA,NA,NA,NA,NA,NA,NA,NA,NA,NA,NA,NA,NA,NA,NA,NA,NA,NA,NA,NA,NA,NA,NA,NA,NA,NA,NA,NA,NA,NA,NA,NA,NA,NA
"77",246,"LEXINGTON",2,"NANDINO",7,"""Sales Life Sciences""",48,"ACTIVE",1,1,0,"FEMALE",0,"White",1,33,4.33333333333333,6,"""Asbury theological seminary""",2001,95.2296157277185,90.5770851592372,114.663657824183,110.249572761372,102.889711926557,2.33,4,3.625,3.2,3.4125,4.85714285714286,3,4.16666666666667,4.25,4,3,2.6,5,3.53333333333333,2.5,5,5,4.75,1,5,4,5,4.5,4,4.25,2.75,-0.073,2,2.375,3.5,2.33333333333333,2.91666666666667,4.4,3.8,5,4.25,4.63,5,2,4,5,4.5,5,4.86,NA,NA,NA,NA,NA,NA,NA,NA,NA,NA,NA,NA,NA,NA,NA,NA,NA,NA,NA,NA,NA,NA,NA,NA,NA,NA,NA,NA,NA,NA,NA,NA,NA,NA,NA,NA,NA,NA,NA
"78",254,NA,NA,NA,NA,NA,NA,NA,NA,NA,NA,NA,NA,NA,NA,NA,NA,NA,NA,NA,NA,NA,NA,NA,NA,NA,NA,NA,NA,NA,NA,NA,NA,NA,NA,NA,NA,NA,NA,NA,NA,NA,NA,NA,NA,NA,NA,NA,NA,NA,NA,NA,NA,NA,NA,NA,NA,NA,NA,NA,NA,NA,NA,NA,NA,NA,NA,NA,NA,NA,NA,NA,NA,NA,NA,NA,NA,NA,NA,NA,NA,NA,NA,NA,NA,NA,NA,NA,NA,NA,NA,NA,NA,NA,NA,NA,NA,NA,NA,NA,NA,NA,NA,NA,NA,NA,NA,NA
"79",256,"LEXINGTON",2,"NANDINO",7,"""AS Dist Direct""",38,"ACTIVE",1,1,0,"MALE",1,"White",1,24,2.25,4,"""Bluegrass Community and Technical College""",2007,109.681402240938,111.389541113547,99.4836740202752,98.3657177289938,109.632673255962,4,4,3,2,2.5,3.57142857142857,5,2.83333333333333,3.5,3,4,4,3.5,3.83333333333333,4,3,4,4.75,3.5,2.4,2.4,3.2,4,4,4,2,-0.823,2,2,3.91666666666667,2.58333333333333,3.25,4.3,4.4,2.5,3.75,3.13,4,3,4,4,4,4,3.71,NA,NA,NA,NA,NA,NA,NA,NA,NA,NA,NA,NA,NA,NA,NA,NA,NA,NA,NA,NA,NA,NA,NA,NA,NA,NA,NA,NA,NA,NA,NA,NA,NA,NA,NA,NA,NA,NA,NA
"80",257,"LEXINGTON",2,"NANDINO",7,"""Sales Ideal OTC""",46,"ACTIVE",1,1,0,"MALE",1,"White",1,41,2.33333333333333,5,"""Purdue University""",1988,99.756681382462,112.596060299304,96.351296409945,98.3657177289938,105.277844064055,2.67,4,2.875,3.1,2.9875,3.14285714285714,3,3.83333333333333,2.75,3.66666666666667,2,2.4,3,2.46666666666667,2,5,5,5,1.25,3,3.6,3.6,4.25,4.75,4.5,3.5,0.677,2.2,2.85,4.08333333333333,1.75,2.91666666666667,3.9,4.6,4.75,4.75,4.75,5,1,5,5,5,5,5,NA,NA,NA,NA,NA,NA,NA,NA,NA,NA,NA,NA,NA,NA,NA,NA,NA,NA,NA,NA,NA,NA,NA,NA,NA,NA,NA,NA,NA,NA,NA,NA,NA,NA,NA,NA,NA,NA,NA
"81",262,NA,NA,NA,NA,NA,NA,NA,NA,NA,NA,NA,NA,NA,NA,NA,NA,NA,NA,NA,NA,NA,NA,NA,NA,NA,NA,NA,NA,NA,NA,NA,NA,NA,NA,NA,NA,NA,NA,NA,NA,NA,NA,NA,NA,NA,NA,NA,NA,NA,NA,NA,NA,NA,NA,NA,NA,NA,NA,NA,NA,NA,NA,NA,NA,NA,NA,NA,NA,NA,NA,NA,NA,NA,NA,NA,NA,NA,NA,NA,NA,NA,NA,NA,NA,NA,NA,NA,NA,NA,NA,NA,NA,NA,NA,NA,NA,NA,NA,NA,NA,NA,NA,NA,NA,NA,NA,NA
"82",264,NA,NA,NA,NA,NA,NA,NA,NA,NA,NA,NA,NA,NA,NA,NA,NA,NA,NA,NA,NA,NA,NA,NA,NA,NA,NA,NA,NA,NA,NA,NA,NA,NA,NA,NA,NA,NA,NA,NA,NA,NA,NA,NA,NA,NA,NA,NA,NA,NA,NA,NA,NA,NA,NA,NA,NA,NA,NA,NA,NA,NA,NA,NA,NA,NA,NA,NA,NA,NA,NA,NA,NA,NA,NA,NA,NA,NA,NA,NA,NA,NA,NA,NA,NA,NA,NA,NA,NA,NA,NA,NA,NA,NA,NA,NA,NA,NA,NA,NA,NA,NA,NA,NA,NA,NA,NA,NA
"83",265,NA,NA,NA,NA,NA,NA,NA,NA,NA,NA,NA,NA,NA,NA,NA,NA,NA,NA,NA,NA,NA,NA,NA,NA,NA,NA,NA,NA,NA,NA,NA,NA,NA,NA,NA,NA,NA,NA,NA,NA,NA,NA,NA,NA,NA,NA,NA,NA,NA,NA,NA,NA,NA,NA,NA,NA,NA,NA,NA,NA,NA,NA,NA,NA,NA,NA,NA,NA,NA,NA,NA,NA,NA,NA,NA,NA,NA,NA,NA,NA,NA,NA,NA,NA,NA,NA,NA,NA,NA,NA,NA,NA,NA,NA,NA,NA,NA,NA,NA,NA,NA,NA,NA,NA,NA,NA,NA
"84",267,"LEXINGTON",2,"NANDINO",7,"""Diag Indirect Labor """,40,"ACTIVE",1,1,1,"MALE",1,"White",1,51,12.75,6,"""'Texas A&M University""",1981,91.747257531762,116.517247653014,94.4236794189726,110.249572761372,107.665976201552,2.33,4.33,3.25,4.2,3.725,4.28571428571429,3,3.83333333333333,4.5,3.33333333333333,2,3.8,3,2.93333333333333,4,4,4,4.25,1,4,4,4.4,3.5,4.25,3.875,4,1.177,2,3,4.08333333333333,3.08333333333333,3.58333333333333,3.8,3.2,4.25,4.25,4.25,5,1,4,5,4.5,5,4.86,NA,NA,NA,NA,NA,NA,NA,NA,NA,NA,NA,NA,NA,NA,NA,NA,NA,NA,NA,NA,NA,NA,NA,NA,NA,NA,NA,NA,NA,NA,NA,NA,NA,NA,NA,NA,NA,NA,NA
"85",273,"LEXINGTON",2,"NANDINO",7,"""AS Dist Direct""",38,"ACTIVE",1,1,0,"FEMALE",0,"White",1,32,0.333333333333333,3,"""KY Votech (Cynthiana)""",1994,109.681402240938,NA,NA,NA,56.6723311479297,2.67,4.67,3.75,2,2.875,3.57142857142857,3,1.5,2.75,2,2,2,2.5,2.16666666666667,4,3.5,2.33,4.75,1.125,3.8,2,4.2,3.5,4,3.75,3.75,0.927,2.8,3.275,3.91666666666667,2.25,3.08333333333333,4.2,3.7,3.25,2.75,3,3,3,3,4,3.5,4,4.14,NA,NA,NA,NA,NA,NA,NA,NA,NA,NA,NA,NA,NA,NA,NA,NA,NA,NA,NA,NA,NA,NA,NA,NA,NA,NA,NA,NA,NA,NA,NA,NA,NA,NA,NA,NA,NA,NA,NA
"86",275,"LEXINGTON",2,"NANDINO",7,"""Diag Direct Labor """,12,"ACTIVE",1,1,0,"MALE",1,"White",1,33,4.33333333333333,5,"""Eastern KY University""",2002,109.681402240938,72.9317420675398,105.507477117064,57.9222756026729,78.6571946490093,3.67,3.33,3.25,2.3,2.775,2.57142857142857,4,2.33333333333333,2,2.66666666666667,2,2,3.5,2.5,2,3.75,2.33,5,3.25,3.8,2.4,4.2,4.5,3.5,4,4,1.177,2,3,3.25,3.58333333333333,3.41666666666667,2.2,4.1,3.5,3.25,3.38,5,1,4,4,4,4,4.14,NA,NA,NA,NA,NA,NA,NA,NA,NA,NA,NA,NA,NA,NA,NA,NA,NA,NA,NA,NA,NA,NA,NA,NA,NA,NA,NA,NA,NA,NA,NA,NA,NA,NA,NA,NA,NA,NA,NA
"87",276,"LEXINGTON",2,"NANDINO",7,"""Sales Ethical""",44,"ACTIVE",1,1,0,"MALE",1,"White",1,38,5.83333333333333,5,"""University of Kentucky""",2001,99.756681382462,74.1382612532969,99.4836740202752,107.949471787364,91.7919214052453,3.33,4,3.375,3.5,3.4375,2.57142857142857,4,3,3.25,3.33333333333333,3,3.2,4,3.4,4,3.25,3,4,1.125,3.8,3.4,3.6,4,4,4,3.25,0.427,2.6,2.925,3.41666666666667,2,2.70833333333333,3.8,3.6,3.5,3.25,3.38,4,1,4,4,4,4,3.43,NA,NA,NA,NA,NA,NA,NA,NA,NA,NA,NA,NA,NA,NA,NA,NA,NA,NA,NA,NA,NA,NA,NA,NA,NA,NA,NA,NA,NA,NA,NA,NA,NA,NA,NA,NA,NA,NA,NA
"88",291,"LEXINGTON",2,"NANDINO",7,"""AS Dist Direct""",38,"ACTIVE",1,2,0,"FEMALE",0,"White",1,58,0.333333333333333,3,"""na""",NA,120.650830558201,124.661252156875,114.663657824183,105.457695732187,127.262707565134,2.33,5,3.875,3.4,3.6375,3.57142857142857,5,3.5,3.25,3,3,3.4,3,3.13333333333333,4,4.75,4.67,4.25,1,4.4,3.6,4.2,3.5,3.75,3.625,1,-1.823,1,1,3.83333333333333,1.66666666666667,2.75,4.8,4.1,4,3.75,3.88,4,3,4,4,4,5,4.29,NA,NA,NA,NA,NA,NA,NA,NA,NA,NA,NA,NA,NA,NA,NA,NA,NA,NA,NA,NA,NA,NA,NA,NA,NA,NA,NA,NA,NA,NA,NA,NA,NA,NA,NA,NA,NA,NA,NA
"89",293,NA,NA,NA,NA,NA,NA,NA,NA,NA,NA,NA,NA,NA,NA,NA,NA,NA,NA,NA,NA,NA,NA,NA,NA,NA,NA,NA,NA,NA,NA,NA,NA,NA,NA,NA,NA,NA,NA,NA,NA,NA,NA,NA,NA,NA,NA,NA,NA,NA,NA,NA,NA,NA,NA,NA,NA,NA,NA,NA,NA,NA,NA,NA,NA,NA,NA,NA,NA,NA,NA,NA,NA,NA,NA,NA,NA,NA,NA,NA,NA,NA,NA,NA,NA,NA,NA,NA,NA,NA,NA,NA,NA,NA,NA,NA,NA,NA,NA,NA,NA,NA,NA,NA,NA,NA,NA,NA
"90",298,"LEXINGTON",2,"NANDINO",7,"""Accounting""",1,"ACTIVE",1,1,1,"MALE",1,"White",1,34,0.166666666666667,5,"""University of Kentucky""",1996,82.1707724928815,75.344780439054,114.663657824183,62.9058277130252,73.178538568868,3,4,2.875,3.7,3.2875,4,3,3.8,3.75,3.66666666666667,4,3.6,3.5,3.7,4,4.25,4.67,4,1.125,4,4,4,3.75,3.5,3.625,3.75,0.927,2.2,2.975,3.83333333333333,2.83333333333333,3.33333333333333,4.3,3.5,4.75,3.25,4,5,1,2,4,3,4,3.86,NA,NA,NA,NA,NA,NA,NA,NA,NA,NA,NA,NA,NA,NA,NA,NA,NA,NA,NA,NA,NA,NA,NA,NA,NA,NA,NA,NA,NA,NA,NA,NA,NA,NA,NA,NA,NA,NA,NA
"91",300,"LEXINGTON",2,"NANDINO",7,"""Diag Direct Labor """,12,"ACTIVE",1,1,0,"FEMALE",0,"White",1,55,6.5,2,"""na""",NA,111.248463429119,111.389541113547,70.5694191556886,110.249572761372,106.190953410745,3,4,3.5,2.8,3.15,3.57142857142857,1,3,3.5,1.33333333333333,3,2.2,4.5,3.23333333333333,3,4,4,4,1.4,3,3.4,3.6,3.5,3.25,3.375,2,-0.823,2,2,3.33333333333333,2.25,2.79166666666667,3.7,4.9,3.5,3,3.25,4,2,4,4,4,4,3.86,NA,NA,NA,NA,NA,NA,NA,NA,NA,NA,NA,NA,NA,NA,NA,NA,NA,NA,NA,NA,NA,NA,NA,NA,NA,NA,NA,NA,NA,NA,NA,NA,NA,NA,NA,NA,NA,NA,NA
"92",302,"LEXINGTON",2,"NANDINO",7,"""Sales Ideal OTC""",46,"ACTIVE",1,1,0,"FEMALE",0,"White",1,28,2.41666666666667,3,"""na""",NA,82.5190083124772,124.661252156875,89.3636848176699,111.207948167209,106.612388493833,4.67,3.33,4,3.1,3.55,2.85714285714286,3,3.16666666666667,2.75,3.33333333333333,2,1.4,3,2.13333333333333,2,4,4,5,3.125,3,3.8,3,4.5,3.25,3.875,4.25,1.427,1.2,2.725,3.25,2.33333333333333,2.79166666666667,2.7,4.3,4,4,4,4,2,4,4,4,4,3.86,NA,NA,NA,NA,NA,NA,NA,NA,NA,NA,NA,NA,NA,NA,NA,NA,NA,NA,NA,NA,NA,NA,NA,NA,NA,NA,NA,NA,NA,NA,NA,NA,NA,NA,NA,NA,NA,NA,NA
"93",303,NA,NA,NA,NA,NA,NA,NA,NA,NA,NA,NA,NA,NA,NA,NA,NA,NA,NA,NA,NA,NA,NA,NA,NA,NA,NA,NA,NA,NA,NA,NA,NA,NA,NA,NA,NA,NA,NA,NA,NA,NA,NA,NA,NA,NA,NA,NA,NA,NA,NA,NA,NA,NA,NA,NA,NA,NA,NA,NA,NA,NA,NA,NA,NA,NA,NA,NA,NA,NA,NA,NA,NA,NA,NA,NA,NA,NA,NA,NA,NA,NA,NA,NA,NA,NA,NA,NA,NA,NA,NA,NA,NA,NA,NA,NA,NA,NA,NA,NA,NA,NA,NA,NA,NA,NA,NA,NA
"94",304,"LEXINGTON",2,"NANDINO",7,"""Diag Direct Labor """,12,"ACTIVE",1,1,0,"MALE",1,"White",1,25,0.25,2,"""na""",NA,92.4437291709533,116.517247653014,99.4836740202752,79.0065345310866,97.9729692905329,1.67,5,3.25,3.7,3.475,4,4,3.66666666666667,3.75,3.66666666666667,5,3.8,4,4.26666666666667,4.5,3,4.33,4.5,1,3.4,3,4,4,4,4,1.5,-1.323,1,1.25,4,1.83333333333333,2.91666666666667,4.5,4.1,NA,NA,NA,NA,NA,NA,NA,NA,NA,NA,NA,NA,NA,NA,NA,NA,NA,NA,NA,NA,NA,NA,NA,NA,NA,NA,NA,NA,NA,NA,NA,NA,NA,NA,NA,NA,NA,NA,NA,NA,NA,NA,NA,NA,NA,NA,NA,NA,NA
"95",306,"LEXINGTON",2,"NANDINO",7,"""Diag Direct Labor """,12,"ACTIVE",1,1,0,"MALE",1,"White",1,44,13.1666666666667,2,"""na""",NA,98.1896201942816,86.8067127037463,114.663657824183,107.949471787364,101.484928316264,2,4.33,4,3.4,3.7,3.71428571428571,2,3.33333333333333,3.75,4,3,2.2,4,3.06666666666667,2.5,4.75,4.67,4.75,1.625,4.4,4.4,4.8,4,3.5,3.75,1,-1.823,1,1,3.63636363636364,2.16666666666667,2.90151515151515,4.3,4.8,2.75,2.75,2.75,4,1,4,5,4.5,5,4.86,NA,NA,NA,NA,NA,NA,NA,NA,NA,NA,NA,NA,NA,NA,NA,NA,NA,NA,NA,NA,NA,NA,NA,NA,NA,NA,NA,NA,NA,NA,NA,NA,NA,NA,NA,NA,NA,NA,NA
"96",312,"LEXINGTON",2,"NANDINO",7,"""Diag Direct Labor """,12,"ACTIVE",1,1,0,"FEMALE",0,"White",1,32,5.25,2,"""na""",NA,109.681402240938,88.0132318895034,114.663657824183,111.207948167209,107.876693743096,3.67,4,3,3.1,3.05,3.71428571428571,1,2.33333333333333,3,2.66666666666667,1,1.4,3,1.8,1,4,3.33,4.25,3.75,4.4,4,4.6,3.75,3.5,3.625,3.75,0.927,3.75,3.75,4.08333333333333,1.83333333333333,2.95833333333333,4.8,5,4,4,4,4,3,4,4,4,5,4.71,NA,NA,NA,NA,NA,NA,NA,NA,NA,NA,NA,NA,NA,NA,NA,NA,NA,NA,NA,NA,NA,NA,NA,NA,NA,NA,NA,NA,NA,NA,NA,NA,NA,NA,NA,NA,NA,NA,NA
"97",318,NA,NA,NA,NA,NA,NA,NA,NA,NA,NA,NA,NA,NA,NA,NA,NA,NA,NA,NA,NA,NA,NA,NA,NA,NA,NA,NA,NA,NA,NA,NA,NA,NA,NA,NA,NA,NA,NA,NA,NA,NA,NA,NA,NA,NA,NA,NA,NA,NA,NA,NA,NA,NA,NA,NA,NA,NA,NA,NA,NA,NA,NA,NA,NA,NA,NA,NA,NA,NA,NA,NA,NA,NA,NA,NA,NA,NA,NA,NA,NA,NA,NA,NA,NA,NA,NA,NA,NA,NA,NA,NA,NA,NA,NA,NA,NA,NA,NA,NA,NA,NA,NA,NA,NA,NA,NA,NA
"98",319,"LEXINGTON",2,"NANDINO",7,"""General Sales & Mktg""",41,"ACTIVE",1,1,0,"FEMALE",0,"White",1,28,0.833333333333333,4,"""Lexington Community College""",2001,91.9213754415598,98.1178300702189,89.3636848176699,107.949471787364,96.8491424022988,3,4,3.125,2.6,2.8625,3.71428571428571,4,3.16666666666667,3,3.33333333333333,1,1.2,5,2.4,2,2.5,4,4.5,1,1,3.4,2.6,3.5,3.5,3.5,1.5,-1.323,1,1.25,3.5,2.58333333333333,3.04166666666667,4.3,3.8,4.5,4,4.25,5,1,4,5,4.5,4,4.57,NA,NA,NA,NA,NA,NA,NA,NA,NA,NA,NA,NA,NA,NA,NA,NA,NA,NA,NA,NA,NA,NA,NA,NA,NA,NA,NA,NA,NA,NA,NA,NA,NA,NA,NA,NA,NA,NA,NA
"99",329,"LEXINGTON",2,"NANDINO",7,"""Sales Ideal International""",45,"ACTIVE",1,1,0,"MALE",1,"White",1,23,1.25,5,"""Western Kentucky University""",2006,80.9519471242968,72.9317420675398,90.3274933131561,111.207948167209,82.1691536747409,3.67,4,2.25,2.7,2.475,3.71428571428571,3,3.16666666666667,3.25,3.33333333333333,3,2.8,4,3.26666666666667,3,3.75,4,4,1.375,3.4,3.2,3.8,3.25,2.75,3,2.75,-0.073,2,2.375,3.41666666666667,2.83333333333333,3.125,3.9,3.4,3.5,3.75,3.63,3,2,4,4,4,4,4.14,NA,NA,NA,NA,NA,NA,NA,NA,NA,NA,NA,NA,NA,NA,NA,NA,NA,NA,NA,NA,NA,NA,NA,NA,NA,NA,NA,NA,NA,NA,NA,NA,NA,NA,NA,NA,NA,NA,NA
"100",332,"LEXINGTON",2,"NANDINO",7,"""Sales International""",47,"ACTIVE",1,1,0,"MALE",1,"White",1,25,0.333333333333333,5,"""University of Kentucky""",2005,108.984930601747,103.245536609687,114.663657824183,111.207948167209,114.689894253015,2.33,5,2.5,3.3,2.9,4.28571428571429,4,4.16666666666667,3.5,4.33333333333333,4,3.4,4,3.8,3,5,5,4.75,1,4.8,5,5,4.5,4.5,4.5,2.25,-0.573,1.4,1.825,3.91666666666667,1.33333333333333,2.625,4.5,3.9,3.75,4,3.88,4,2,4,4,4,4,4.14,NA,NA,NA,NA,NA,NA,NA,NA,NA,NA,NA,NA,NA,NA,NA,NA,NA,NA,NA,NA,NA,NA,NA,NA,NA,NA,NA,NA,NA,NA,NA,NA,NA,NA,NA,NA,NA,NA,NA
"101",335,NA,NA,NA,NA,NA,NA,NA,NA,NA,NA,NA,NA,NA,NA,NA,NA,NA,NA,NA,NA,NA,NA,NA,NA,NA,NA,NA,NA,NA,NA,NA,NA,NA,NA,NA,NA,NA,NA,NA,NA,NA,NA,NA,NA,NA,NA,NA,NA,NA,NA,NA,NA,NA,NA,NA,NA,NA,NA,NA,NA,NA,NA,NA,NA,NA,NA,NA,NA,NA,NA,NA,NA,NA,NA,NA,NA,NA,NA,NA,NA,NA,NA,NA,NA,NA,NA,NA,NA,NA,NA,NA,NA,NA,NA,NA,NA,NA,NA,NA,NA,NA,NA,NA,NA,NA,NA,NA
"102",339,NA,NA,NA,NA,NA,NA,NA,NA,NA,NA,NA,NA,NA,NA,NA,NA,NA,NA,NA,NA,NA,NA,NA,NA,NA,NA,NA,NA,NA,NA,NA,NA,NA,NA,NA,NA,NA,NA,NA,NA,NA,NA,NA,NA,NA,NA,NA,NA,NA,NA,NA,NA,NA,NA,NA,NA,NA,NA,NA,NA,NA,NA,NA,NA,NA,NA,NA,NA,NA,NA,NA,NA,NA,NA,NA,NA,NA,NA,NA,NA,NA,NA,NA,NA,NA,NA,NA,NA,NA,NA,NA,NA,NA,NA,NA,NA,NA,NA,NA,NA,NA,NA,NA,NA,NA,NA,NA
"103",341,"LEXINGTON",2,"NANDINO",7,"""Sales Ethical""",44,"ACTIVE",1,1,0,"MALE",1,"White",1,32,1.16666666666667,5,"""Murray State University""",1998,120.650830558201,103.245536609687,105.507477117064,105.457695732187,114.6196550725,2.67,3.67,3.125,3.2,3.1625,3.42857142857143,4,3.5,3.25,3.66666666666667,3,3,3,3,3,4,4,4,1.625,3.8,3.2,4,4.25,3.75,4,2.75,-0.073,2.2,2.475,3.16666666666667,2.5,2.83333333333333,4.5,3.8,4,4,4,4,2,4,4,4,2,3.14,NA,NA,NA,NA,NA,NA,NA,NA,NA,NA,NA,NA,NA,NA,NA,NA,NA,NA,NA,NA,NA,NA,NA,NA,NA,NA,NA,NA,NA,NA,NA,NA,NA,NA,NA,NA,NA,NA,NA
"104",344,"LEXINGTON",2,"NANDINO",7,"""R&D""",28,"ACTIVE",1,1,0,"FEMALE",0,"White",1,27,0.0833333333333333,5,"""Lindsey Wilson College""",2004,109.681402240938,112.596060299304,79.2436956150646,95.8739416738176,103.381386190159,2.33,4.67,2.75,3.5,3.125,4.14285714285714,4,4,4,4,4,3.8,4,3.93333333333333,4,5,5,5,1,4.4,5,4.4,4.25,4,4.125,2,-0.823,2,2,3.75,1.5,2.625,4.8,4.6,3,3,3,2,1,2,5,3.5,4,3.43,NA,NA,NA,NA,NA,NA,NA,NA,NA,NA,NA,NA,NA,NA,NA,NA,NA,NA,NA,NA,NA,NA,NA,NA,NA,NA,NA,NA,NA,NA,NA,NA,NA,NA,NA,NA,NA,NA,NA
"105",347,NA,NA,NA,NA,NA,NA,NA,NA,NA,NA,NA,NA,NA,NA,NA,NA,NA,NA,NA,NA,NA,NA,NA,NA,NA,NA,NA,NA,NA,NA,NA,NA,NA,NA,NA,NA,NA,NA,NA,NA,NA,NA,NA,NA,NA,NA,NA,NA,NA,NA,NA,NA,NA,NA,NA,NA,NA,NA,NA,NA,NA,NA,NA,NA,NA,NA,NA,NA,NA,NA,NA,NA,NA,NA,NA,NA,NA,NA,NA,NA,NA,NA,NA,NA,NA,NA,NA,NA,NA,NA,NA,NA,NA,NA,NA,NA,NA,NA,NA,NA,NA,NA,NA,NA,NA,NA,NA
"106",349,"LEXINGTON",2,"NANDINO",7,"""Sales Ideal International""",45,"ACTIVE",1,1,1,"MALE",1,"White",1,31,8.41666666666667,5,"""University of Kentucky""",1999,61.2766233171423,86.8067127037463,79.2436956150646,79.5815597745888,65.8736637953464,3.67,4,3.5,3.5,3.5,4,4,3.16666666666667,3.75,3.33333333333333,3,3.8,2.5,3.1,4.5,3,4,3.75,1.25,4.2,4,3.4,3.75,4,3.875,3.75,0.927,2.8,3.275,3.25,2.66666666666667,2.95833333333333,3.6,3.6,5,5,5,4,1,5,5,5,4,4.86,NA,NA,NA,NA,NA,NA,NA,NA,NA,NA,NA,NA,NA,NA,NA,NA,NA,NA,NA,NA,NA,NA,NA,NA,NA,NA,NA,NA,NA,NA,NA,NA,NA,NA,NA,NA,NA,NA,NA
"107",350,"LEXINGTON",2,"NANDINO",7,"""Accounting""",1,"ACTIVE",1,1,1,"MALE",1,"White",1,49,6.08333333333333,4,"""Lexington Technical Institute""",1982,92.4437291709533,111.389541113547,114.663657824183,98.3657177289938,107.104062757435,4,4,2.25,2.3,2.275,3.57142857142857,4,3.16666666666667,3,3,1,1.8,2.5,1.76666666666667,1.5,4,3.67,4,2,4.8,3.4,4.4,4,4,4,3.5,0.677,2,2.75,2.5,2.75,2.625,4.5,4.1,3.5,3.75,3.63,5,1,4,5,4.5,5,4.14,NA,NA,NA,NA,NA,NA,NA,NA,NA,NA,NA,NA,NA,NA,NA,NA,NA,NA,NA,NA,NA,NA,NA,NA,NA,NA,NA,NA,NA,NA,NA,NA,NA,NA,NA,NA,NA,NA,NA
